CREATE TABLE Customers (
    CustomerID SERIAL PRIMARY KEY,
    FirstName VARCHAR(50),
    LastName VARCHAR(50),
    Email VARCHAR(100)
);

CREATE TABLE Orders (
    OrderID SERIAL PRIMARY KEY,
    CustomerID INT REFERENCES Customers(CustomerID),
    OrderDate TIMESTAMP,
    TotalAmount DECIMAL(10, 2)
);

CREATE TABLE OrderDetails (
    OrderDetailID SERIAL PRIMARY KEY,
    OrderID INT REFERENCES Orders(OrderID),
    ProductID INT,
    Quantity INT,
    UnitPrice DECIMAL(10, 2)
);

INSERT INTO Customers (FirstName, LastName, Email) VALUES
('John', 'Doe', 'john.doe@example.com'),
('Jane', 'Smith', 'jane.smith@example.com'),
('Michael', 'Johnson', 'michael.johnson@example.com'),
('Emily', 'Davis', 'emily.davis@example.com'),
('William', 'Brown', 'william.brown@example.com'),
('Olivia', 'Jones', 'olivia.jones@example.com'),
('James', 'Garcia', 'james.garcia@example.com'),
('Sophia', 'Martinez', 'sophia.martinez@example.com'),
('Benjamin', 'Hernandez', 'benjamin.hernandez@example.com'),
('Isabella', 'Lopez', 'isabella.lopez@example.com'),
('Lucas', 'Wilson', 'lucas.wilson@example.com'),
('Mia', 'Anderson', 'mia.anderson@example.com'),
('Ethan', 'Thomas', 'ethan.thomas@example.com'),
('Ava', 'Taylor', 'ava.taylor@example.com'),
('Alexander', 'Moore', 'alexander.moore@example.com'),
('Charlotte', 'Jackson', 'charlotte.jackson@example.com'),
('Daniel', 'Martin', 'daniel.martin@example.com'),
('Amelia', 'Lee', 'amelia.lee@example.com'),
('Matthew', 'Perez', 'matthew.perez@example.com'),
('Harper', 'Thompson', 'harper.thompson@example.com'),
('Henry', 'White', 'henry.white@example.com'),
('Ella', 'Harris', 'ella.harris@example.com'),
('Sebastian', 'Sanchez', 'sebastian.sanchez@example.com'),
('Grace', 'Clark', 'grace.clark@example.com'),
('Jack', 'Ramirez', 'jack.ramirez@example.com'),
('Chloe', 'Lewis', 'chloe.lewis@example.com'),
('Aiden', 'Robinson', 'aiden.robinson@example.com'),
('Sofia', 'Walker', 'sofia.walker@example.com'),
('Samuel', 'Hall', 'samuel.hall@example.com'),
('Zoe', 'Allen', 'zoe.allen@example.com'),
('David', 'Young', 'david.young@example.com'),
('Lily', 'King', 'lily.king@example.com'),
('Joseph', 'Wright', 'joseph.wright@example.com'),
('Scarlett', 'Scott', 'scarlett.scott@example.com'),
('Gabriel', 'Green', 'gabriel.green@example.com'),
('Aria', 'Baker', 'aria.baker@example.com'),
('Carter', 'Adams', 'carter.adams@example.com'),
('Nora', 'Nelson', 'nora.nelson@example.com'),
('Isaac', 'Carter', 'isaac.carter@example.com'),
('Riley', 'Mitchell', 'riley.mitchell@example.com'),
('Owen', 'Perez', 'owen.perez@example.com'),
('Layla', 'Roberts', 'layla.roberts@example.com'),
('Wyatt', 'Turner', 'wyatt.turner@example.com'),
('Victoria', 'Phillips', 'victoria.phillips@example.com'),
('Matthew', 'Campbell', 'matthew.campbell@example.com'),
('Luna', 'Parker', 'luna.parker@example.com'),
('Dylan', 'Evans', 'dylan.evans@example.com'),
('Hannah', 'Edwards', 'hannah.edwards@example.com'),
('Luke', 'Collins', 'luke.collins@example.com'),
('Mila', 'Stewart', 'mila.stewart@example.com'),
('Eli', 'Sanchez', 'eli.sanchez@example.com'),
('Aubrey', 'Morris', 'aubrey.morris@example.com'),
('Nathan', 'Rogers', 'nathan.rogers@example.com'),
('Addison', 'Reed', 'addison.reed@example.com'),
('Isaiah', 'Cook', 'isaiah.cook@example.com'),
('Savannah', 'Morgan', 'savannah.morgan@example.com'),
('Caleb', 'Bell', 'caleb.bell@example.com'),
('Bella', 'Murphy', 'bella.murphy@example.com'),
('Aaron', 'Bailey', 'aaron.bailey@example.com'),
('Nina', 'Rivera', 'nina.rivera@example.com'),
('Jaxon', 'Cooper', 'jaxon.cooper@example.com'),
('Samantha', 'Richardson', 'samantha.richardson@example.com');





INSERT INTO Orders (CustomerID, OrderDate, TotalAmount) VALUES

(1, '2023-01-15 10:30:00', 150.75),
(2, '2023-01-16 11:00:00', 200.50),
(3, '2023-01-17 12:15:00', 99.99),
(4, '2023-01-18 14:45:00', 250.00),
(5, '2023-01-19 09:00:00', 300.25),
(6, '2023-01-20 16:30:00', 120.00),
(7, '2023-01-21 13:00:00', 75.50),
(8, '2023-01-22 15:15:00', 180.00),
(9, '2023-01-23 10:00:00', 220.10),
(10, '2023-01-24 11:30:00', 95.75),
(11, '2023-01-25 12:45:00', 130.00),
(12, '2023-01-26 14:00:00', 160.50),
(13, '2023-01-27 09:30:00', 85.00),
(14, '2023-01-28 10:15:00', 210.00),
(15, '2023-01-29 11:45:00', 300.00),
(16, '2023-01-30 13:30:00', 140.25),
(17, '2023-01-31 15:00:00', 175.50),
(18, '2023-02-01 10:00:00', 90.00),
(19, '2023-02-02 12:30:00', 250.75),
(20, '2023-02-03 14:00:00', 110.00),
(21, '2023-02-04 09:15:00', 95.50),
(22, '2023-02-05 11:00:00', 220.00),
(23, '2023-02-06 13:45:00', 130.50),
(24, '2023-02-07 15:30:00', 180.25),
(25, '2023-02-08 10:00:00', 75.00),
(26, '2023-02-09 12:15:00', 200.00),
(27, '2023-02-10 14:45:00', 160.00),
(28, '2023-02-11 09:30:00', 300.50),
(29, '2023-02-12 11:00:00', 125.75),
(30, '2023-02-13 12:30:00', 90.25),
(31, '2023-02-14 14:00:00', 210.50),
(32, '2023-02-15 10:15:00', 140.00),
(33, '2023-02-16 11:45:00', 175.00),
(34, '2023-02-17 13:30:00', 85.50),
(35, '2023-02-18 15:00:00', 250.00),
(36, '2023-02-19 10:00:00', 110.25),
(37, '2023-02-20 12:30:00', 95.00),
(38, '2023-02-21 14:15:00', 220.75),
(39, '2023-02-22 09:45:00', 130.00),
(40, '2023-02-23 11:00:00', 180.50),
(41, '2023-02-24 12:15:00', 75.25),
(42, '2023-02-25 14:00:00', 200.50),
(43, '2023-02-26 10:30:00', 160.75),
(44, '2023-02-27 11:15:00', 300.00),
(45, '2023-02-28 12:45:00', 125.50);

INSERT INTO OrderDetails (OrderID, ProductID, Quantity, UnitPrice) VALUES
(1, 101, 2, 25.00),
(1, 102, 1, 50.75),
(2, 103, 3, 20.00),
(2, 104, 1, 80.50),
(3, 105, 2, 15.00),
(3, 106, 1, 45.99),
(4, 107, 4, 30.00),
(4, 108, 2, 60.00),
(5, 109, 1, 100.25),
(5, 110, 3, 25.50),
(6, 111, 2, 40.00),
(6, 112, 1, 80.00),
(7, 113, 5, 10.00),
(7, 114, 2, 35.50),
(8, 115, 1, 90.00),
(8, 116, 3, 20.00),
(9, 117, 2, 55.00),
(9, 118, 1, 75.00),
(10, 119, 4, 22.50),
(10, 120, 1, 60.00),
(11, 121, 3, 30.00),
(11, 122, 2, 45.00),
(12, 123, 1, 100.00),
(12, 124, 2, 15.00),
(13, 125, 4, 25.00),
(13, 126, 1, 50.00),
(14, 127, 3, 35.00),
(14, 128, 2, 60.00),
(15, 129, 1, 90.00),
(15, 130, 5, 10.00),
(16, 131, 2, 40.00),
(16, 132, 1, 80.00),
(17, 133, 3, 20.00),
(17, 134, 1, 45.00),
(18, 135, 2, 30.00),
(18, 136, 1, 60.00),
(19, 137, 4, 22.50),
(19, 138, 1, 75.00),
(20, 139, 3, 35.00),
(20, 140, 2, 50.00),
(21, 141, 1, 100.00),
(21, 142, 2, 15.00),
(22, 143, 4, 25.00),
(22, 144, 1, 90.00),
(23, 145, 3, 30.00),
(23, 146, 2, 45.00),
(24, 147, 1, 80.00),
(24, 148, 2, 20.00),
(25, 149, 5, 10.00),
(25, 150, 1, 100.00),
(26, 151, 2, 40.00),
(26, 152, 1, 60.00),
(27, 153, 3, 20.00),
(27, 154, 1, 45.00),
(28, 155, 2, 30.00),
(28, 156, 1, 60.00),
(29, 157, 4, 22.50),
(29, 158, 1, 75.00),
(30, 159, 3, 35.00),
(30, 160, 2, 50.00);